sub_region	total	2018-01-15	2018-02-15	2018-03-15	2018-04-15	2018-05-15	2018-06-15	2018-07-15	2018-08-15	2018-09-15	2018-10-15	2018-11-15	2018-12-15	2019-01-15	2019-02-15	2019-03-15	2019-04-15	2019-05-15	2019-06-15	2019-07-15	2019-08-15	2019-09-15	2019-10-15	2019-11-15	2019-12-15	2020-01-15	2020-02-15	2020-03-15	2020-04-15	2020-05-15	2020-06-15	2020-07-15	2020-08-15	2020-09-15	2020-10-15	2020-11-15	2020-12-15	2021-01-15	2021-02-15	2021-03-15	2021-04-15	2021-05-15	2021-06-15	2021-07-15	2021-08-15	2021-09-15	2021-10-15	2021-11-15	2021-12-15	2022-01-15	2022-02-15	2022-03-15	2022-04-15	2022-05-15	2022-06-15	2022-07-15	2022-08-15	2022-09-15	2022-10-15	2022-11-15	2022-12-15	2023-01-15	2023-02-15	2023-03-15	2023-04-15	2023-05-15	2023-06-15	2023-07-15	2023-08-15	2023-09-15	2023-10-15	2023-11-15	2023-12-15
IND	1062277	37936	32914	30583	29860	42073	32971	31032	32115	32300	38169	39137	45797	40049	32286	34812	23431	11246	15048	18309	37568	28917	33217	31677	48442	41448	35309	12600	0	0	0	0	0	0	0	0	0	17	79	183	796	39	5	8	405	8528	8406	14236	23566	11751	12744	23216	8678	5562	6810	6031	5340	6493	8862	10167	17350	13759	0	0	0	0	0	0	0	0	0	0	0
GBR	618723	22940	23817	30366	26063	9337	12104	25208	23643	14226	17673	21971	26828	26036	29750	29682	24718	2953	4365	13010	14132	8345	8763	16038	20984	21138	26348	7969	0	0	0	0	0	0	0	0	0	3	79	316	334	149	121	342	489	309	2241	3770	8493	7442	10642	12908	11539	3723	3368	9257	6776	2872	4275	4506	7879	8483	0	0	0	0	0	0	0	0	0	0	0
CHN	467942	24275	35929	21101	17462	17103	20424	27460	26558	19600	18882	18888	18283	26414	28039	23759	14263	1589	3496	6926	9503	9231	11683	16312	16648	22363	2096	1688	0	0	0	0	0	0	0	0	0	27	117	223	475	237	176	167	178	176	182	201	258	226	266	358	261	242	231	266	534	637	468	591	635	835	0	0	0	0	0	0	0	0	0	0	0
DEU	402495	15298	17066	24423	10803	6906	5792	10825	10809	9668	9920	18754	16624	14027	17268	18134	16930	1767	3312	8385	7667	6396	7820	20844	12349	11494	16405	6608	0	0	0	0	0	0	0	0	0	19	245	502	383	222	137	215	515	466	1196	2667	5875	5339	7780	9561	6088	2208	2466	3666	3251	2149	2881	5169	4984	8217	0	0	0	0	0	0	0	0	0	0	0
RUS	333863	11569	11043	9089	4027	1264	1135	1162	1174	1590	3096	8090	11258	13474	13008	12705	3680	844	711	1300	1332	1638	5761	14537	17559	19616	20948	8833	0	0	0	0	0	0	0	0	0	20	119	197	173	94	33	66	247	304	1328	3520	10793	13478	15340	8899	3874	3202	1610	1918	1426	1553	6189	13820	19963	25254	0	0	0	0	0	0	0	0	0	0	0
FRA	265781	12221	16871	14818	7411	3721	3688	11303	11016	4316	4784	6825	9475	11892	17295	13957	9148	1120	1989	7142	7087	2929	3383	4857	6824	9352	11430	4056	0	0	0	0	0	0	0	0	0	4	40	72	84	27	654	147	248	181	624	1447	3021	3616	5699	5741	4035	1076	1717	3567	2784	1201	1540	1841	2665	4840	0	0	0	0	0	0	0	0	0	0	0
AUS	262898	9452	5693	8932	14023	4873	9997	8801	8239	8746	6912	10299	14961	10368	8810	11441	9565	2485	4410	5619	5985	6895	5562	7067	14467	8115	9578	2590	0	0	0	0	0	0	0	0	0	3	24	29	60	34	13	15	26	27	121	940	3129	2814	1688	2359	3508	1660	2511	1974	1898	2309	2106	2939	5158	3668	0	0	0	0	0	0	0	0	0	0	0
USA	191972	7501	5984	9701	8679	4123	4979	7164	4410	4406	3714	5799	8848	7849	9678	12543	4810	1398	2412	2974	4686	2830	2836	4514	12302	7494	7803	1545	0	0	0	0	0	0	0	0	0	10	75	182	248	153	118	242	311	150	573	1178	2884	1829	1855	3114	1872	1368	1647	1469	1105	991	1253	2089	3638	2636	0	0	0	0	0	0	0	0	0	0	0
MDV	173148	6124	4726	7239	5696	4343	5362	6348	6880	4695	5223	7418	12054	6004	4931	7802	4655	1610	3350	3875	4930	4304	3934	5850	9033	4264	2960	2183	0	0	0	0	0	0	0	0	0	17	13	56	32	73	22	249	341	146	963	1464	2896	2401	1532	1910	567	849	1130	1207	957	1314	1943	1626	3444	2203	0	0	0	0	0	0	0	0	0	0	0
CAN	149451	5682	3999	5113	4972	3297	4676	6017	5440	2903	2406	3496	4680	5840	6469	6011	3741	1575	2827	3826	4052	2438	2385	3053	6512	5510	5482	1444	0	0	0	0	0	0	0	0	0	17	71	120	144	69	67	178	594	265	688	1161	1705	1666	1958	2989	2083	2013	2308	3458	2581	1552	1625	1994	2618	3681	0	0	0	0	0	0	0	0	0	0	0
NLD	120732	5061	4739	4532	3989	2051	2350	13342	6182	4049	3222	3320	4323	5101	5126	4864	3523	375	696	6385	3520	2673	1659	2213	2858	3538	3763	1355	0	0	0	0	0	0	0	0	0	18	21	35	52	11	20	72	115	94	242	598	1144	1141	1232	1422	1575	483	423	2053	1021	473	559	649	956	1514	0	0	0	0	0	0	0	0	0	0	0
UKR	111573	6636	5138	3532	2448	1386	1191	1409	1513	2292	2687	3449	4834	6481	5353	4239	1224	597	595	768	985	1321	2655	4770	6063	8549	6072	2155	0	0	0	0	0	0	0	0	393	1460	845	287	47	18	9	13	20	43	168	565	3562	7774	5288	401	158	84	77	58	68	69	136	260	544	884	0	0	0	0	0	0	0	0	0	0	0
ITA	93364	5348	4843	4157	2266	1058	1367	3247	5747	1654	1540	1976	5176	6433	5363	4309	3303	452	675	1431	3340	1016	947	3917	4961	4454	3743	406	0	0	0	0	0	0	0	0	0	2	23	34	43	29	16	32	54	47	160	313	556	503	553	730	584	329	506	650	937	352	480	619	1206	1477	0	0	0	0	0	0	0	0	0	0	0
JPN	90396	4694	5263	4629	3512	4229	3074	3798	5625	4480	2831	2658	4657	3553	4878	4611	2203	578	880	1311	2428	2250	1832	1825	3730	2917	3015	712	0	0	0	0	0	0	0	0	0	1	9	12	19	8	11	7	9	9	45	103	159	92	122	226	249	158	148	169	294	226	318	377	708	744	0	0	0	0	0	0	0	0	0	0	0
CHE	88338	3104	3234	3682	2845	1128	1342	5460	1744	1824	1974	3531	4097	3457	3796	3179	4531	431	818	3421	1311	1304	1453	3559	2721	2508	2924	957	0	0	0	0	0	0	0	0	0	3	33	84	93	45	27	123	152	88	403	698	1225	1186	1495	1243	1647	570	665	2207	695	583	889	832	1248	1769	0	0	0	0	0	0	0	0	0	0	0
ESP	72849	1388	1680	2452	2072	1002	1516	3357	5782	2926	2178	2604	2251	1838	1771	2380	2760	327	751	2383	4419	1930	1696	2212	2022	1509	1380	496	0	0	0	0	0	0	0	0	0	0	18	36	30	20	10	15	78	182	269	463	894	597	744	1112	1447	692	1027	1499	2148	1091	799	748	991	857	0	0	0	0	0	0	0	0	0	0	0
POL	71756	3254	3195	1676	1163	661	710	1281	1021	1117	1109	2658	2533	3840	3302	2653	914	218	284	763	558	702	805	3496	3361	5577	4693	1638	0	0	0	0	0	0	0	0	0	0	11	45	26	9	2	8	34	20	116	460	1379	3185	4315	3315	1391	203	320	344	261	228	307	802	524	1269	0	0	0	0	0	0	0	0	0	0	0
SWE	65361	5586	4533	3109	1073	471	889	1206	665	651	1234	2016	6834	4692	4739	2660	1288	197	467	574	371	427	869	1274	4906	3099	3239	723	0	0	0	0	0	0	0	0	0	0	9	22	19	7	14	29	40	29	98	264	1070	683	818	725	464	104	304	209	124	145	220	409	892	871	0	0	0	0	0	0	0	0	0	0	0
SAU	63053	4397	1065	997	1263	666	5422	8409	6517	1432	1030	849	2656	1759	1157	1402	1212	75	1500	2903	2357	985	656	805	896	3914	662	179	0	0	0	0	0	0	0	0	0	0	0	1	1	7	4	11	36	23	79	693	741	1167	861	1397	225	365	281	311	220	118	212	471	324	340	0	0	0	0	0	0	0	0	0	0	0
CZE	54577	2257	3082	2674	1304	322	571	1050	637	889	688	1898	2228	2787	4449	3041	1370	167	380	997	585	663	700	1631	2434	2673	3646	1280	0	0	0	0	0	0	0	0	0	0	17	52	52	5	4	17	30	39	132	429	1087	1174	2055	1802	686	83	151	217	95	53	150	355	529	960	0	0	0	0	0	0	0	0	0	0	0
PAK	51211	2099	1734	1589	1384	1150	1454	1924	1709	1225	1381	1401	2066	1543	1496	1081	848	169	521	782	2836	1849	1060	1039	1431	1397	1166	502	0	0	0	0	0	0	0	0	0	0	13	17	18	9	13	111	456	1225	2042	2612	1004	610	691	1256	138	214	279	241	286	421	443	783	898	595	0	0	0	0	0	0	0	0	0	0	0
DNK	50658	3013	3228	2227	943	456	959	2951	925	576	994	943	2008	3059	3980	1845	1887	119	481	1741	497	416	636	763	1445	2176	2223	506	0	0	0	0	0	0	0	0	0	0	11	21	10	5	1	34	27	62	159	316	656	1013	1217	1187	1307	295	275	457	235	164	265	312	551	1081	0	0	0	0	0	0	0	0	0	0	0
MYS	46761	1735	1744	1994	1827	1604	2389	1666	2101	1903	1437	2101	2307	1481	2070	1998	995	754	857	1026	1533	1461	1248	1461	1977	1399	1400	695	0	0	0	0	0	0	0	0	0	1	3	3	8	2	0	2	2	3	44	97	158	159	147	317	244	153	161	123	135	207	264	350	519	496	0	0	0	0	0	0	0	0	0	0	0
AUT	46332	2833	3156	2573	1103	637	543	1642	1216	875	1036	1692	2014	2288	2709	1932	1656	144	251	848	667	502	543	1349	1824	1674	2024	602	0	0	0	0	0	0	0	0	0	5	19	38	32	9	8	47	55	44	151	267	827	788	1054	887	575	189	109	299	206	152	239	424	619	956	0	0	0	0	0	0	0	0	0	0	0
ISR	45077	1321	1253	1255	513	399	699	1345	1976	2778	466	703	1125	1899	1532	1077	1266	308	429	1245	1785	1576	1411	760	1482	1688	1539	329	0	0	0	0	0	0	0	0	0	0	1	14	33	8	3	22	78	147	110	624	684	707	1587	1007	1228	150	212	404	643	826	557	548	1457	1868	0	0	0	0	0	0	0	0	0	0	0
BEL	43931	1275	1449	1666	1211	494	785	3681	1994	1384	816	1045	1719	1278	1681	1646	1626	153	561	2603	1508	1082	561	933	1316	1243	1500	628	0	0	0	0	0	0	0	0	0	0	7	9	22	1	3	17	54	61	152	318	639	495	620	761	846	212	259	1115	475	316	274	279	512	646	0	0	0	0	0	0	0	0	0	0	0
NOR	41504	1851	1722	1784	690	511	2272	3067	952	605	821	1090	1852	1906	2053	1278	1246	172	1299	1709	675	522	452	747	1387	1379	1304	336	0	0	0	0	0	0	0	0	0	0	14	21	17	2	32	39	64	56	212	237	447	521	595	768	587	192	1021	757	295	250	257	332	408	698	0	0	0	0	0	0	0	0	0	0	0
SGP	41018	1387	1469	1809	1357	1461	1979	1563	1904	1520	1219	1669	2524	1117	1500	1824	1037	464	904	805	1202	1017	959	1161	1881	1214	878	453	0	0	0	0	0	0	0	0	0	1	0	4	4	11	1	4	12	16	31	167	306	229	283	489	289	209	222	156	182	262	297	432	720	414	0	0	0	0	0	0	0	0	0	0	0
PHL	40820	1667	1744	1775	1631	1656	1673	1681	1723	1306	1460	1560	1427	1244	1485	1413	1308	759	998	1102	1121	1372	1285	1329	1174	1199	1890	1160	0	0	0	0	0	0	0	0	0	6	15	8	28	26	6	18	21	31	76	116	178	109	157	256	246	160	97	149	125	115	162	149	236	188	0	0	0	0	0	0	0	0	0	0	0
KOR	33124	2493	1359	1398	825	892	963	1444	1583	970	1066	1444	1311	2140	1606	1214	677	334	623	647	799	745	962	971	1477	1577	835	87	0	0	0	0	0	0	0	0	0	0	5	7	2	1	0	2	3	11	76	162	120	104	117	200	151	63	102	87	111	138	211	237	322	450	0	0	0	0	0	0	0	0	0	0	0
NZL	32197	989	655	1004	1540	620	1613	1376	1091	923	947	1129	1938	1067	1070	1437	1483	385	615	1003	993	954	663	930	1863	1035	987	302	0	0	0	0	0	0	0	0	0	3	5	7	14	5	6	0	11	3	24	80	167	112	131	246	329	181	153	239	166	186	244	307	572	394	0	0	0	0	0	0	0	0	0	0	0
BGD	26764	982	741	996	672	729	1030	857	1060	771	894	736	1019	946	731	848	593	186	509	631	804	693	665	626	1029	1014	760	212	0	0	0	0	0	0	0	0	0	0	6	3	5	6	2	31	19	235	273	372	544	302	259	451	155	249	129	176	168	338	417	511	662	717	0	0	0	0	0	0	0	0	0	0	0
IRL	25237	975	839	1470	922	384	710	1104	823	758	635	890	1320	1067	1110	1224	1105	111	256	417	472	315	484	627	1066	948	1084	262	0	0	0	0	0	0	0	0	0	0	18	15	17	8	1	7	9	19	49	86	330	217	375	746	603	191	137	172	80	52	101	139	243	244	0	0	0	0	0	0	0	0	0	0	0
THA	23170	785	566	1028	691	745	870	807	823	658	581	593	1031	938	999	983	762	547	480	569	791	611	853	1120	1208	736	927	217	0	0	0	0	0	0	0	0	0	0	2	6	3	3	0	3	5	5	29	62	129	72	86	156	123	84	131	84	97	89	210	282	311	279	0	0	0	0	0	0	0	0	0	0	0
KAZ	21745	674	407	370	158	73	67	112	77	132	86	134	431	509	327	266	109	13	32	41	35	58	91	220	698	1182	673	478	0	0	0	0	0	0	0	0	0	1	1231	1514	440	2	0	2	7	3	7	85	2462	2041	2821	2598	122	28	22	12	13	27	27	95	262	470	0	0	0	0	0	0	0	0	0	0	0
FIN	20312	1854	1499	1036	371	230	298	242	211	231	368	688	1860	1589	1668	1007	364	58	167	153	112	104	216	446	1144	986	1037	275	0	0	0	0	0	0	0	0	0	0	2	7	10	5	0	1	4	20	32	65	195	271	298	181	169	45	95	59	40	28	78	77	159	257	0	0	0	0	0	0	0	0	0	0	0
TWN	17855	928	1152	700	607	565	412	924	794	474	465	569	597	1097	1284	889	600	111	278	364	382	655	520	399	548	1296	580	109	0	0	0	0	0	0	0	0	0	0	0	3	5	0	0	2	2	3	6	2	19	13	23	35	16	11	50	16	17	22	24	59	77	151	0	0	0	0	0	0	0	0	0	0	0
ZAF	17811	588	562	791	742	259	520	598	457	413	354	380	1752	870	747	1007	628	152	287	237	305	240	253	440	1966	686	544	134	0	0	0	0	0	0	0	0	0	0	1	23	31	9	2	3	4	4	26	60	109	73	161	290	257	64	76	55	51	34	58	125	258	125	0	0	0	0	0	0	0	0	0	0	0
GRC	17630	644	573	770	704	620	489	570	763	511	524	726	884	766	694	643	619	419	387	475	515	495	507	539	921	598	618	357	0	0	0	0	0	0	0	0	0	0	1	3	4	2	0	3	3	14	14	46	159	78	150	102	145	25	16	40	49	27	52	41	174	151	0	0	0	0	0	0	0	0	0	0	0
ROU	17567	935	943	561	469	150	205	211	280	303	349	483	1042	891	913	679	444	88	129	167	293	209	225	488	937	785	693	246	0	0	0	0	0	0	0	0	0	0	2	4	32	2	6	0	20	7	21	145	581	528	776	517	475	50	46	64	117	77	110	146	407	316	0	0	0	0	0	0	0	0	0	0	0
BLR	17526	802	942	666	286	128	122	71	96	174	256	500	578	997	930	914	142	31	24	46	88	75	225	662	662	1099	1101	438	0	0	0	0	0	0	0	0	0	30	44	23	14	0	0	0	7	13	36	120	359	736	823	515	129	68	34	35	46	54	143	456	582	1204	0	0	0	0	0	0	0	0	0	0	0
PRT	15236	486	581	537	524	191	253	337	653	334	601	574	862	452	592	806	673	94	164	243	431	251	312	520	655	568	850	184	0	0	0	0	0	0	0	0	0	0	4	4	8	1	3	1	6	17	53	141	134	157	206	341	295	64	128	86	113	95	120	145	156	230	0	0	0	0	0	0	0	0	0	0	0
SVK	15193	760	820	896	494	153	145	218	259	205	267	543	529	780	913	763	497	68	69	179	188	171	215	524	577	539	730	244	0	0	0	0	0	0	0	0	0	0	14	26	39	8	6	11	18	21	42	168	311	363	515	462	287	66	47	112	50	38	87	199	206	351	0	0	0	0	0	0	0	0	0	0	0
IRN	14750	507	439	1716	239	268	332	710	580	230	255	196	248	204	326	1025	205	51	73	104	117	253	394	220	277	330	293	25	0	0	0	0	0	0	0	0	0	0	0	65	4	3	2	6	7	7	16	106	181	260	303	2235	227	102	79	35	88	214	190	206	362	435	0	0	0	0	0	0	0	0	0	0	0
IDN	14277	535	350	589	352	470	349	468	471	381	472	414	514	490	484	532	256	227	278	339	479	519	454	318	543	401	515	198	0	0	0	0	0	0	0	0	0	3	5	3	6	1	9	21	96	245	473	806	188	75	81	112	56	72	45	30	36	71	70	103	134	138	0	0	0	0	0	0	0	0	0	0	0
NPL	13782	566	401	367	366	472	444	352	444	377	642	391	480	495	467	417	449	331	262	409	398	425	656	509	596	589	560	235	0	0	0	0	0	0	0	0	0	0	1	1	3	2	3	1	4	7	29	65	209	100	97	186	94	39	30	25	50	47	90	126	181	292	0	0	0	0	0	0	0	0	0	0	0
TUR	13540	658	632	365	244	288	169	249	375	181	234	236	631	584	692	444	335	87	161	183	339	152	157	800	1038	1145	813	163	0	0	0	0	0	0	0	0	0	1	3	15	11	9	3	6	8	16	31	65	141	174	166	290	176	66	57	57	42	47	61	154	224	362	0	0	0	0	0	0	0	0	0	0	0
HUN	13362	894	870	517	231	103	138	163	183	147	337	301	630	845	856	623	267	66	53	102	90	99	169	322	599	758	655	175	0	0	0	0	0	0	0	0	0	0	6	6	7	0	0	2	3	12	24	63	322	425	502	508	217	33	47	42	17	31	66	136	300	400	0	0	0	0	0	0	0	0	0	0	0
OMN	13313	842	573	268	306	84	539	2171	965	305	209	310	274	564	355	324	282	15	324	890	326	193	162	364	318	768	229	48	0	0	0	0	0	0	0	0	0	0	0	1	0	0	0	1	11	5	27	69	132	101	127	93	18	47	35	75	55	26	58	84	157	183	0	0	0	0	0	0	0	0	0	0	0
LBN	12572	358	542	561	676	225	365	546	630	367	179	427	645	389	410	576	661	77	184	291	410	287	163	377	479	212	223	48	0	0	0	0	0	0	0	0	0	0	6	48	45	16	0	7	6	4	37	126	252	87	153	200	305	123	71	108	58	58	88	88	267	111	0	0	0	0	0	0	0	0	0	0	0
EGY	11385	433	281	278	254	161	278	466	391	230	225	339	518	320	304	364	487	85	168	221	296	265	290	423	485	404	400	152	0	0	0	0	0	0	0	0	0	0	3	9	8	3	0	3	5	8	13	80	268	217	453	445	170	211	84	136	41	53	173	137	220	127	0	0	0	0	0	0	0	0	0	0	0
ARE	11367	336	247	420	291	230	488	1199	1045	279	296	412	542	346	271	590	479	17	130	423	439	138	139	187	369	199	123	30	0	0	0	0	0	0	0	0	0	0	0	4	7	6	0	3	0	0	5	60	169	64	53	240	51	191	69	112	110	53	74	123	207	101	0	0	0	0	0	0	0	0	0	0	0
JOR	10283	366	254	299	241	117	268	230	314	200	181	294	392	370	240	295	342	23	161	182	268	146	193	348	517	361	206	60	0	0	0	0	0	0	0	0	0	0	4	34	14	12	17	10	16	8	61	183	323	224	230	363	135	207	79	242	154	145	181	177	335	261	0	0	0	0	0	0	0	0	0	0	0
LTU	10009	382	570	402	241	203	224	163	118	142	231	288	422	451	574	399	140	45	51	79	75	72	159	363	385	514	397	143	0	0	0	0	0	0	0	0	0	0	5	11	2	1	4	2	2	11	60	130	155	352	555	466	146	50	32	52	29	21	59	195	158	278	0	0	0	0	0	0	0	0	0	0	0
KWT	8809	545	403	240	249	143	226	335	599	154	157	201	213	545	467	246	247	37	159	331	520	98	123	135	331	465	326	34	0	0	0	0	0	0	0	0	0	0	0	3	3	0	0	1	3	4	20	34	98	36	204	131	49	118	45	78	53	43	58	41	96	162	0	0	0	0	0	0	0	0	0	0	0
SVN	8467	380	754	271	453	51	107	428	185	174	417	195	487	377	717	297	250	15	59	219	120	106	245	134	387	261	463	76	0	0	0	0	0	0	0	0	0	0	5	2	5	2	0	0	6	5	10	18	38	68	116	54	106	3	24	80	9	6	33	21	82	146	0	0	0	0	0	0	0	0	0	0	0
BGR	8013	277	381	352	218	87	85	110	96	93	135	223	607	341	478	375	246	49	196	67	75	67	121	268	391	305	303	79	0	0	0	0	0	0	0	0	0	0	0	2	15	4	0	0	4	1	5	58	122	305	547	396	146	15	13	13	25	22	18	30	113	134	0	0	0	0	0	0	0	0	0	0	0
EST	7981	435	586	359	144	32	34	28	56	34	197	205	634	501	559	268	143	17	11	39	19	23	167	156	613	394	651	140	0	0	0	0	0	0	0	0	0	0	3	8	22	0	1	0	1	0	31	50	260	185	285	210	64	12	5	8	2	10	58	28	111	182	0	0	0	0	0	0	0	0	0	0	0
BRA	7542	226	156	357	786	124	116	117	98	102	125	298	269	330	233	310	637	46	74	122	75	115	106	318	598	467	337	71	0	0	0	0	0	0	0	0	0	0	3	3	6	2	1	0	4	6	6	30	98	49	48	87	135	42	27	34	32	40	27	51	97	101	0	0	0	0	0	0	0	0	0	0	0
VNM	7229	237	380	330	342	269	212	241	298	222	272	200	186	189	388	499	151	107	117	199	197	211	192	206	187	287	325	97	0	0	0	0	0	0	0	0	0	0	0	5	2	5	0	1	1	2	4	8	24	17	40	46	83	34	43	22	46	41	52	37	58	117	0	0	0	0	0	0	0	0	0	0	0
MMR	7223	372	123	172	309	113	127	230	695	159	138	372	431	248	274	310	159	163	149	185	653	265	199	234	285	190	214	128	0	0	0	0	0	0	0	0	0	1	4	1	5	2	2	0	3	2	1	9	9	16	23	19	42	16	11	16	10	33	25	14	27	35	0	0	0	0	0	0	0	0	0	0	0
BHR	6464	588	147	195	151	108	245	392	432	99	90	103	308	394	162	150	141	17	121	283	318	140	108	194	257	404	131	14	0	0	0	0	0	0	0	0	0	0	0	8	2	13	0	3	5	0	6	10	81	59	49	80	22	51	42	36	22	14	28	19	88	134	0	0	0	0	0	0	0	0	0	0	0
LVA	6204	268	219	261	172	73	73	33	56	124	102	235	324	373	282	274	97	30	25	26	32	51	125	227	314	235	208	155	0	0	0	0	0	0	0	0	0	1	13	12	6	3	2	0	2	4	15	106	170	192	209	375	67	11	12	12	6	10	39	237	135	171	0	0	0	0	0	0	0	0	0	0	0
HRV	5289	481	276	209	163	92	70	129	125	83	112	147	294	452	289	218	186	30	38	64	94	66	73	147	265	331	250	81	0	0	0	0	0	0	0	0	0	0	0	1	1	1	0	1	0	2	10	33	53	60	67	73	23	8	8	13	8	8	8	21	41	84	0	0	0	0	0	0	0	0	0	0	0
SRB	4778	285	282	184	123	47	60	89	115	74	74	178	293	274	241	186	140	32	48	60	86	56	47	97	231	202	204	91	0	0	0	0	0	0	0	0	0	0	2	9	3	0	3	0	3	3	4	55	80	138	158	147	95	7	6	9	13	7	12	27	54	144	0	0	0	0	0	0	0	0	0	0	0
MEX	4403	84	87	180	496	72	60	76	68	73	79	112	116	144	133	243	349	33	31	49	53	64	76	96	849	138	181	30	0	0	0	0	0	0	0	0	0	0	3	2	1	0	1	0	3	4	10	13	41	21	33	43	35	18	12	18	15	13	29	33	64	19	0	0	0	0	0	0	0	0	0	0	0
KHM	4186	85	85	103	142	84	38	51	35	37	28	64	19	128	745	1592	20	48	27	41	22	36	22	94	66	146	152	74	0	0	0	0	0	0	0	0	0	0	0	1	0	0	0	0	0	0	2	4	7	21	22	2	4	6	2	14	3	8	12	43	20	31	0	0	0	0	0	0	0	0	0	0	0
ARG	4022	236	254	271	300	122	50	71	54	92	87	169	103	192	158	190	267	42	33	47	43	44	53	142	192	224	140	52	0	0	0	0	0	0	0	0	0	0	0	0	5	1	0	1	0	3	2	12	26	29	25	38	27	14	7	8	4	4	17	40	55	76	0	0	0	0	0	0	0	0	0	0	0
ARM	3612	180	87	75	66	53	87	105	102	123	88	79	165	156	92	85	65	12	16	41	81	109	91	78	157	156	82	32	0	0	0	0	0	0	0	0	0	2	1	9	5	1	0	0	4	1	5	6	78	56	89	74	56	26	14	25	15	37	57	86	244	258	0	0	0	0	0	0	0	0	0	0	0
IRQ	3449	81	157	41	40	38	134	78	124	126	38	70	94	95	54	113	58	7	23	64	133	49	76	92	88	71	52	15	0	0	0	0	0	0	0	0	0	0	0	3	1	3	0	8	0	2	39	91	115	72	171	236	71	120	40	98	59	18	44	39	145	63	0	0	0	0	0	0	0	0	0	0	0
QAT	3237	268	75	63	111	53	183	267	379	56	59	51	111	65	119	115	220	7	32	115	135	31	41	40	143	69	53	7	0	0	0	0	0	0	0	0	0	0	1	0	2	0	0	0	0	0	7	12	12	4	17	53	5	55	9	38	9	21	15	18	57	34	0	0	0	0	0	0	0	0	0	0	0
YEM	2961	126	69	64	62	62	156	249	244	57	76	74	128	91	54	59	87	8	42	125	400	104	48	49	47	116	38	19	0	0	0	0	0	0	0	0	0	0	0	0	2	2	0	0	1	0	4	26	21	24	26	36	3	17	13	13	21	6	8	41	21	22	0	0	0	0	0	0	0	0	0	0	0
MAR	2956	86	101	97	98	31	60	72	127	63	73	81	147	128	96	147	100	6	44	48	86	69	49	93	165	125	136	50	0	0	0	0	0	0	0	0	0	0	1	0	2	0	1	1	1	1	7	20	51	29	61	90	23	44	20	19	28	10	24	42	56	47	0	0	0	0	0	0	0	0	0	0	0
UZB	2851	69	88	48	24	26	30	70	36	74	40	44	47	66	51	77	37	16	22	34	30	19	34	35	118	74	108	35	0	0	0	0	0	0	0	0	0	0	5	10	5	5	1	6	0	0	6	15	52	85	382	563	32	15	21	13	12	13	32	30	44	152	0	0	0	0	0	0	0	0	0	0	0
KEN	2835	64	35	48	49	59	44	95	61	55	111	58	195	68	58	41	52	16	24	37	615	427	30	59	132	45	50	15	0	0	0	0	0	0	0	0	0	0	0	1	1	0	0	0	1	1	7	7	21	19	19	42	20	12	12	5	9	6	15	29	42	23	0	0	0	0	0	0	0	0	0	0	0
GEO	2567	85	82	63	82	44	26	37	35	79	48	56	60	102	64	53	26	18	23	39	34	26	58	66	56	102	108	26	0	0	0	0	0	0	0	0	0	0	0	1	9	0	0	0	4	2	14	23	60	106	168	67	28	64	61	24	70	28	40	71	65	164	0	0	0	0	0	0	0	0	0	0	0
SDN	2561	59	49	53	37	52	100	115	67	142	24	88	72	65	25	44	59	19	34	56	54	89	26	56	57	67	40	36	0	0	0	0	0	0	0	0	0	0	1	0	1	0	0	2	3	1	1	19	69	147	151	156	15	63	21	65	21	36	66	32	45	61	0	0	0	0	0	0	0	0	0	0	0
PSE	2539	114	65	62	51	52	113	167	163	60	77	74	80	77	58	74	111	13	55	65	142	67	42	68	99	85	33	10	0	0	0	0	0	0	0	0	0	0	0	1	0	2	0	0	1	3	3	20	38	20	27	55	13	29	21	28	20	15	23	39	76	28	0	0	0	0	0	0	0	0	0	0	0
CHL	2442	99	104	109	147	55	43	64	59	55	59	119	89	132	204	85	100	33	24	36	29	59	41	65	130	128	117	26	0	0	0	0	0	0	0	0	0	0	1	0	0	0	0	0	0	0	3	4	15	29	14	30	12	16	5	7	4	7	12	23	23	26	0	0	0	0	0	0	0	0	0	0	0
TUN	2242	71	62	105	56	29	39	49	45	57	29	66	104	90	77	119	75	8	26	36	43	19	39	68	278	80	45	24	0	0	0	0	0	0	0	0	0	0	0	0	1	0	0	5	0	2	5	13	55	30	36	94	28	38	19	11	11	9	23	23	57	43	0	0	0	0	0	0	0	0	0	0	0
AZE	2132	78	30	109	19	16	13	30	30	24	36	19	108	53	64	151	17	15	9	32	24	20	15	35	81	56	50	14	0	0	0	0	0	0	0	0	0	0	2	7	2	0	0	7	0	1	0	16	53	65	75	366	29	21	9	11	37	9	15	55	89	115	0	0	0	0	0	0	0	0	0	0	0
LUX	2114	87	77	112	78	20	17	82	177	41	29	68	79	69	75	85	220	7	10	70	82	14	20	51	58	55	57	26	0	0	0	0	0	0	0	0	0	0	2	2	6	0	0	5	2	0	1	19	43	11	33	24	63	6	5	16	18	8	9	13	27	35	0	0	0	0	0	0	0	0	0	0	0
CYP	2066	55	53	51	45	43	44	91	98	37	32	51	72	68	66	73	68	17	26	56	114	32	27	44	118	99	53	31	0	0	0	0	0	0	0	0	0	0	0	1	1	3	1	0	9	4	3	12	27	39	25	48	54	11	17	19	73	19	19	28	38	51	0	0	0	0	0	0	0	0	0	0	0
COL	2032	52	59	72	88	33	32	53	52	43	52	53	113	88	68	67	72	33	44	34	36	57	46	58	110	88	72	41	0	0	0	0	0	0	0	0	0	0	2	3	4	3	1	0	1	2	4	19	37	20	28	40	61	37	12	8	20	11	23	17	27	36	0	0	0	0	0	0	0	0	0	0	0
MUS	1801	56	100	60	40	24	34	72	32	79	28	97	98	100	50	97	52	4	11	35	35	25	19	25	286	107	44	19	0	0	0	0	0	0	0	0	0	0	1	2	0	0	0	1	2	1	3	0	13	7	14	9	12	7	2	7	3	7	4	17	41	19	0	0	0	0	0	0	0	0	0	0	0
KGZ	1777	109	46	107	10	17	28	28	14	18	18	17	47	91	43	54	36	8	7	11	17	21	13	12	84	122	75	24	0	0	0	0	0	0	0	0	0	0	1	2	0	7	0	0	0	0	6	6	67	125	109	82	22	21	0	1	9	9	30	30	94	79	0	0	0	0	0	0	0	0	0	0	0
MLT	1706	47	35	68	34	13	14	53	51	56	13	38	87	105	120	84	53	5	1	39	66	33	24	42	141	87	40	21	0	0	0	0	0	0	0	0	0	0	0	1	0	0	0	1	0	0	1	6	9	8	15	12	34	10	20	5	15	41	10	5	98	45	0	0	0	0	0	0	0	0	0	0	0
AFG	1543	83	150	112	40	108	44	47	78	34	41	52	72	49	47	59	38	2	12	47	54	50	22	55	38	65	64	17	0	0	0	0	0	0	0	0	0	0	0	1	1	1	1	0	1	4	0	1	5	0	2	16	0	1	0	2	0	0	0	7	11	9	0	0	0	0	0	0	0	0	0	0	0
MDA	1519	100	56	68	30	18	11	14	23	26	11	42	53	87	83	82	16	3	15	7	14	20	19	29	74	120	103	23	0	0	0	0	0	0	0	0	0	6	7	1	1	0	0	0	0	0	0	12	38	79	56	14	7	6	2	1	1	6	12	20	37	66	0	0	0	0	0	0	0	0	0	0	0
BTN	1406	110	72	37	42	30	41	49	48	38	29	47	136	37	74	25	9	11	12	23	13	23	43	38	35	137	69	2	0	0	0	0	0	0	0	0	0	0	0	1	0	1	0	0	0	0	0	2	1	30	11	6	2	1	3	3	30	8	5	31	9	32	0	0	0	0	0	0	0	0	0	0	0
TZA	1245	18	20	16	15	16	29	13	25	10	18	22	25	23	19	18	17	10	19	13	481	193	10	26	36	16	27	9	0	0	0	0	0	0	0	0	0	0	0	0	0	0	0	0	0	0	1	2	4	3	2	16	6	1	3	3	2	2	1	22	24	9	0	0	0	0	0	0	0	0	0	0	0
ISL	1224	51	63	44	39	11	18	51	31	23	21	39	55	65	112	57	29	10	10	12	8	13	33	47	31	48	38	28	0	0	0	0	0	0	0	0	0	0	0	1	0	0	0	0	1	0	6	15	18	21	22	18	21	4	23	11	1	2	5	6	29	33	0	0	0	0	0	0	0	0	0	0	0
SYC	1008	0	0	0	411	0	2	0	0	2	0	0	1	0	0	0	0	0	0	0	0	0	0	0	0	0	77	29	0	0	0	0	0	0	0	0	0	0	0	1	5	0	0	1	3	1	5	71	31	37	32	16	30	14	9	20	29	27	36	31	66	21	0	0	0	0	0	0	0	0	0	0	0
DZA	948	38	35	28	24	12	19	24	71	27	20	27	43	34	32	36	32	3	8	3	17	29	16	13	49	34	41	8	0	0	0	0	0	0	0	0	0	0	0	0	0	0	0	0	0	1	0	8	21	6	24	31	8	15	9	10	9	10	12	11	29	21	0	0	0	0	0	0	0	0	0	0	0
PER	809	27	50	32	32	21	6	20	21	20	20	20	32	33	33	44	39	9	16	17	15	22	18	14	40	30	44	21	0	0	0	0	0	0	0	0	0	0	0	0	1	0	0	0	0	0	0	7	10	11	12	13	9	10	1	3	5	3	4	2	14	8	0	0	0	0	0	0	0	0	0	0	0
ALB	735	14	15	5	16	12	15	11	19	14	13	12	31	48	33	54	43	40	31	17	15	11	23	27	27	33	38	26	0	0	0	0	0	0	0	0	0	0	0	0	0	0	0	0	0	0	0	0	3	21	7	10	6	7	8	4	2	2	3	3	10	6	0	0	0	0	0	0	0	0	0	0	0
BIH	678	20	45	25	18	8	16	15	9	13	19	30	43	32	33	29	14	8	9	5	15	14	10	13	34	30	21	17	0	0	0	0	0	0	0	0	0	0	1	0	0	0	0	0	1	0	2	6	9	15	27	28	11	5	1	0	4	0	2	5	6	10	0	0	0	0	0	0	0	0	0	0	0
NGA	657	44	38	42	28	39	22	24	28	47	36	37	27	43	13	16	4	4	5	20	8	17	13	13	16	12	13	0	0	0	0	0	0	0	0	0	0	0	0	0	2	0	0	0	0	1	0	1	7	5	3	3	5	0	0	1	1	1	1	1	6	10	0	0	0	0	0	0	0	0	0	0	0
MKD	625	44	34	34	20	13	15	38	19	26	16	16	35	28	18	26	19	2	8	7	10	4	7	23	14	23	20	10	0	0	0	0	0	0	0	0	0	0	0	0	1	0	0	0	0	1	1	6	7	3	29	16	7	1	0	0	0	2	4	3	6	9	0	0	0	0	0	0	0	0	0	0	0
MNE	608	17	21	14	11	11	24	8	18	17	11	65	14	27	9	29	14	5	52	2	23	4	11	14	20	33	40	12	0	0	0	0	0	0	0	0	0	0	0	0	0	1	0	1	1	0	0	0	0	5	13	12	9	2	1	3	1	0	0	7	6	20	0	0	0	0	0	0	0	0	0	0	0
UGA	604	15	22	5	5	6	5	13	11	6	16	19	13	197	5	10	5	13	8	23	14	16	6	25	36	16	15	5	0	0	0	0	0	0	0	0	0	0	0	0	2	0	0	0	0	1	2	2	2	3	1	8	6	3	9	3	2	9	2	4	6	9	0	0	0	0	0	0	0	0	0	0	0
ZWE	576	10	19	27	11	16	9	46	19	35	12	17	26	21	13	25	29	9	4	12	13	7	19	11	37	11	21	14	0	0	0	0	0	0	0	0	0	0	0	0	0	0	0	0	0	1	0	2	4	19	3	7	6	13	3	5	0	0	1	5	7	7	0	0	0	0	0	0	0	0	0	0	0
VEN	478	12	18	18	40	16	11	11	33	11	18	13	26	33	27	19	22	2	7	16	13	8	4	8	17	13	17	3	0	0	0	0	0	0	0	0	0	0	0	0	0	0	0	0	0	1	1	2	4	4	2	8	4	1	1	2	0	1	3	2	2	4	0	0	0	0	0	0	0	0	0	0	0
ETH	465	18	19	24	12	28	9	22	17	10	13	21	14	9	11	19	16	3	11	9	15	9	7	16	14	9	21	6	0	0	0	0	0	0	0	0	0	0	0	0	3	0	0	0	0	0	6	5	5	3	4	5	3	11	6	3	0	2	3	2	14	8	0	0	0	0	0	0	0	0	0	0	0
FJI	455	19	5	18	6	10	10	16	17	17	12	13	16	23	17	17	13	5	7	10	5	10	10	14	13	34	49	3	0	0	0	0	0	0	0	0	0	0	0	0	0	0	3	0	0	0	0	5	4	0	0	6	0	1	1	3	3	8	4	3	19	6	0	0	0	0	0	0	0	0	0	0	0
MNG	441	21	9	23	10	6	10	21	8	24	9	22	18	31	20	37	3	6	4	6	4	11	4	4	37	20	13	2	0	0	0	0	0	0	0	0	0	0	0	0	0	0	0	0	0	0	0	0	4	14	22	0	1	1	1	4	1	4	3	1	0	2	0	0	0	0	0	0	0	0	0	0	0
SYR	437	19	8	24	32	6	3	2	5	13	25	23	49	16	32	19	15	5	13	17	0	24	2	6	3	37	16	4	0	0	0	0	0	0	0	0	0	0	0	1	1	0	0	0	0	0	1	2	0	5	4	1	1	0	1	0	1	0	0	0	1	0	0	0	0	0	0	0	0	0	0	0	0
MDG	406	5	6	4	8	8	3	8	9	23	3	9	11	11	7	3	5	2	6	3	113	42	5	5	5	3	21	3	0	0	0	0	0	0	0	0	0	0	0	1	0	0	0	0	0	0	0	5	0	2	3	4	6	2	9	4	8	3	5	6	10	7	0	0	0	0	0	0	0	0	0	0	0
TJK	398	25	7	25	8	3	4	4	0	7	6	11	2	7	13	8	4	4	2	1	0	4	5	11	20	18	15	9	0	0	0	0	0	0	0	0	0	0	0	0	2	0	0	1	0	1	7	1	3	28	36	28	0	2	7	1	3	5	6	11	6	27	0	0	0	0	0	0	0	0	0	0	0
CRI	363	9	20	14	13	3	3	0	15	26	6	3	20	21	21	13	13	2	1	5	9	8	9	6	35	9	24	0	0	0	0	0	0	0	0	0	0	0	0	0	0	0	0	0	0	0	1	1	7	4	11	7	5	1	1	0	2	0	0	3	6	6	0	0	0	0	0	0	0	0	0	0	0
ECU	357	7	15	10	43	0	5	2	12	8	13	5	16	14	11	12	10	2	3	3	11	8	3	10	31	19	7	4	0	0	0	0	0	0	0	0	0	0	0	0	0	0	0	0	0	0	1	1	2	2	4	7	4	6	12	1	3	5	2	5	8	10	0	0	0	0	0	0	0	0	0	0	0
COM	356	8	5	14	10	9	9	47	36	16	15	20	2	20	5	22	11	0	7	22	13	10	5	7	6	6	9	2	0	0	0	0	0	0	0	0	0	0	0	0	0	0	0	0	0	0	1	0	0	2	1	2	1	2	2	0	0	1	1	1	3	3	0	0	0	0	0	0	0	0	0	0	0
LAO	352	9	7	20	13	39	7	3	23	7	10	16	4	7	13	22	18	2	6	5	8	11	8	25	4	8	8	3	0	0	0	0	0	0	0	0	0	0	0	0	0	0	0	0	0	0	0	0	0	2	9	4	0	0	1	0	3	3	4	0	3	17	0	0	0	0	0	0	0	0	0	0	0
URY	349	13	3	16	34	6	3	3	8	7	7	9	11	12	13	6	25	5	15	4	8	6	5	8	15	21	11	4	0	0	0	0	0	0	0	0	0	0	0	1	0	0	0	0	0	0	0	3	9	1	6	13	10	1	1	1	2	1	7	3	7	5	0	0	0	0	0	0	0	0	0	0	0
LIE	305	5	10	23	10	6	5	13	6	7	6	11	24	6	9	13	11	6	1	19	4	4	3	15	17	6	15	3	0	0	0	0	0	0	0	0	0	0	0	1	1	0	0	0	0	0	2	2	9	1	1	5	5	3	0	1	0	0	2	1	8	5	0	0	0	0	0	0	0	0	0	0	0
TTO	283	5	9	10	8	4	9	16	2	7	6	21	8	7	5	45	10	1	4	1	3	7	6	9	14	7	19	0	0	0	0	0	0	0	0	0	0	0	0	0	0	0	0	0	0	2	2	9	3	1	1	3	3	1	0	0	1	1	1	2	8	2	0	0	0	0	0	0	0	0	0	0	0
GHA	278	9	6	13	10	8	9	8	6	14	22	15	7	8	6	13	29	4	1	3	8	11	4	13	8	3	5	1	0	0	0	0	0	0	0	0	0	0	0	0	0	1	0	0	0	0	1	1	1	2	3	0	0	1	1	3	2	0	0	10	7	1	0	0	0	0	0	0	0	0	0	0	0
LBY	270	7	8	8	9	9	13	6	6	8	10	8	5	11	8	12	21	8	10	2	3	9	8	11	15	6	7	1	0	0	0	0	0	0	0	0	0	0	0	0	0	0	0	0	0	1	0	2	5	0	8	3	0	0	0	2	0	3	5	0	8	4	0	0	0	0	0	0	0	0	0	0	0
ZMB	245	2	7	12	3	6	5	11	5	6	8	45	9	11	2	9	2	0	1	5	4	3	4	15	14	16	5	2	0	0	0	0	0	0	0	0	0	0	0	0	0	0	1	0	0	0	0	0	0	1	1	1	0	2	1	0	0	1	2	1	16	6	0	0	0	0	0	0	0	0	0	0	0
TKM	231	15	9	11	3	1	0	13	5	1	8	5	6	1	21	17	6	0	3	1	1	35	1	3	7	9	9	3	0	0	0	0	0	0	0	0	0	0	1	0	0	0	0	0	0	0	0	2	1	2	4	3	2	2	0	3	0	0	4	0	9	4	0	0	0	0	0	0	0	0	0	0	0
SOM	216	9	6	9	5	3	11	6	4	12	4	9	14	15	10	11	11	1	8	6	8	0	1	1	10	5	9	1	0	0	0	0	0	0	0	0	0	0	0	0	0	0	0	0	0	0	1	5	0	1	2	4	1	1	0	0	0	1	5	0	3	3	0	0	0	0	0	0	0	0	0	0	0
PNG	212	5	0	11	7	2	6	8	18	3	3	8	13	3	0	2	1	1	0	2	6	12	3	33	35	3	3	0	0	0	0	0	0	0	0	0	0	0	0	0	0	0	0	0	0	0	0	0	2	0	1	2	1	0	1	2	1	3	1	1	8	1	0	0	0	0	0	0	0	0	0	0	0
JAM	207	9	7	22	8	6	7	7	14	7	4	4	7	2	7	14	12	0	2	7	3	1	2	0	8	7	18	0	0	0	0	0	0	0	0	0	0	0	0	1	0	0	0	0	0	0	0	2	5	2	0	4	2	0	1	0	1	1	0	0	2	1	0	0	0	0	0	0	0	0	0	0	0
BOL	184	6	5	17	9	2	8	4	9	6	4	5	6	4	2	4	3	0	0	2	2	3	2	1	7	12	3	3	0	0	0	0	0	0	0	0	0	0	0	2	0	0	0	0	0	0	0	16	0	6	1	3	8	2	2	0	2	3	5	3	2	0	0	0	0	0	0	0	0	0	0	0	0
KNA	177	6	3	4	2	3	0	1	9	3	4	2	10	1	5	5	5	1	6	3	5	3	2	4	4	8	6	1	0	0	0	0	0	0	0	0	0	0	2	0	3	0	0	0	1	1	0	3	12	4	8	3	3	6	2	3	1	1	4	1	10	3	0	0	0	0	0	0	0	0	0	0	0
DMA	174	4	9	3	3	1	3	4	3	1	1	7	10	6	5	7	6	0	7	3	5	4	5	5	9	6	3	1	0	0	0	0	0	0	0	0	0	0	0	0	1	0	0	1	0	0	0	4	2	3	4	6	4	0	0	2	3	0	2	7	6	8	0	0	0	0	0	0	0	0	0	0	0
DOM	171	4	1	3	2	6	8	6	3	0	4	5	3	5	3	9	3	0	2	3	7	7	4	44	24	3	0	0	0	0	0	0	0	0	0	0	0	0	0	0	0	0	0	0	0	1	0	1	0	2	0	0	3	0	0	0	0	0	1	1	1	2	0	0	0	0	0	0	0	0	0	0	0
BRN	159	4	3	17	6	6	5	13	10	4	7	5	11	4	11	6	2	0	5	0	2	5	2	2	1	4	5	3	0	0	0	0	0	0	0	0	0	0	0	0	0	0	0	0	0	0	0	0	0	0	0	0	0	1	0	0	6	2	1	2	4	0	0	0	0	0	0	0	0	0	0	0	0
GTM	159	9	4	5	5	4	3	5	6	7	6	3	3	7	8	9	6	0	4	2	5	3	4	15	6	6	1	0	0	0	0	0	0	0	0	0	0	0	0	0	0	0	0	0	0	3	0	3	0	0	3	2	8	0	0	0	0	0	0	1	2	1	0	0	0	0	0	0	0	0	0	0	0
MCO	155	5	7	9	1	1	1	2	8	0	2	1	24	6	2	2	17	0	0	2	7	1	0	0	5	0	6	0	0	0	0	0	0	0	0	0	0	0	0	0	0	0	0	0	0	0	0	1	0	1	1	4	3	0	0	0	0	0	3	0	31	2	0	0	0	0	0	0	0	0	0	0	0
HND	153	9	3	5	0	5	2	3	3	4	8	2	5	16	8	4	4	9	4	2	5	2	1	11	10	7	6	1	0	0	0	0	0	0	0	0	0	0	0	0	1	0	0	0	0	0	0	0	0	1	2	0	0	0	0	1	0	2	0	2	2	3	0	0	0	0	0	0	0	0	0	0	0
AND	143	4	6	2	3	6	0	5	16	3	3	1	4	2	3	5	9	4	0	7	7	2	7	2	5	2	1	0	0	0	0	0	0	0	0	0	0	0	0	1	0	0	0	0	0	0	0	3	1	0	1	3	0	2	1	2	13	0	0	0	3	4	0	0	0	0	0	0	0	0	0	0	0
ERI	143	8	12	10	3	4	5	3	2	7	2	3	12	3	3	6	3	1	4	4	1	2	8	5	2	2	5	2	0	0	0	0	0	0	0	0	0	0	0	0	0	0	0	0	1	0	0	2	4	2	2	1	0	3	0	0	1	0	0	2	1	2	0	0	0	0	0	0	0	0	0	0	0
NAM	136	5	3	19	6	1	5	0	6	3	3	0	20	2	5	0	5	0	0	2	1	1	1	6	4	0	6	0	0	0	0	0	0	0	0	0	0	0	0	0	4	0	0	0	0	0	1	0	2	2	0	1	10	3	0	2	0	2	0	1	3	1	0	0	0	0	0	0	0	0	0	0	0
PAN	128	5	7	2	10	3	5	0	3	1	5	9	4	8	15	0	2	0	1	2	0	4	0	12	1	6	8	1	0	0	0	0	0	0	0	0	0	0	1	0	0	0	0	0	0	0	0	0	0	2	1	0	0	1	2	4	1	1	0	0	0	1	0	0	0	0	0	0	0	0	0	0	0
MOZ	127	2	24	1	2	0	1	3	5	2	4	1	7	4	4	3	1	0	0	1	5	6	0	3	15	9	3	0	0	0	0	0	0	0	0	0	0	0	0	0	1	0	0	0	0	0	0	0	1	0	2	1	0	2	1	0	0	3	1	2	2	5	0	0	0	0	0	0	0	0	0	0	0
SLV	127	7	3	2	6	0	5	12	2	1	3	1	5	1	5	5	4	1	3	4	3	5	6	6	3	0	4	1	0	0	0	0	0	0	0	0	0	0	0	0	0	0	0	0	0	0	0	1	0	0	4	3	3	0	3	1	3	1	2	2	3	3	0	0	0	0	0	0	0	0	0	0	0
CUB	125	3	2	5	6	3	3	2	1	4	3	12	8	2	2	7	1	0	2	5	1	2	4	3	12	0	1	1	0	0	0	0	0	0	0	0	0	0	0	0	2	0	0	0	0	0	0	0	4	1	1	4	7	1	1	2	0	0	0	0	2	5	0	0	0	0	0	0	0	0	0	0	0
BWA	120	9	4	4	4	0	3	4	5	1	0	1	13	7	4	2	2	2	2	2	2	0	2	3	9	11	2	1	0	0	0	0	0	0	0	0	0	0	0	1	1	0	0	0	0	0	0	0	0	5	0	0	1	2	0	3	0	0	0	0	4	4	0	0	0	0	0	0	0	0	0	0	0
MWI	106	5	1	7	1	3	0	3	1	3	2	2	6	6	0	2	2	0	0	2	0	3	4	10	11	5	5	2	0	0	0	0	0	0	0	0	0	0	0	0	0	0	0	0	0	0	2	0	1	0	3	0	0	1	5	0	0	1	0	2	3	2	0	0	0	0	0	0	0	0	0	0	0
COD	104	1	2	5	4	3	4	1	3	3	3	0	4	6	7	3	2	1	1	1	0	1	2	6	3	3	35	0	0	0	0	0	0	0	0	0	0	0	0	0	0	0	0	0	0	0	0	0	0	0	0	0	0	0	0	0	0	0	0	0	0	0	0	0	0	0	0	0	0	0	0	0	0
SEN	89	5	6	4	2	4	3	3	4	3	1	3	2	3	1	6	8	0	1	1	1	2	1	5	5	0	3	0	0	0	0	0	0	0	0	0	0	0	0	0	0	0	0	0	0	0	0	0	0	1	0	0	0	1	3	0	1	1	1	1	1	2	0	0	0	0	0	0	0	0	0	0	0
ATG	77	1	5	2	2	1	1	2	1	1	1	0	3	1	2	7	2	0	0	0	2	0	0	5	0	4	6	4	0	0	0	0	0	0	0	0	0	0	1	0	0	0	0	0	0	0	0	2	1	2	0	3	1	2	1	1	2	0	1	2	1	4	0	0	0	0	0	0	0	0	0	0	0
TLS	76	1	3	3	5	1	2	9	16	3	3	1	1	9	2	3	0	0	0	2	1	0	5	2	1	0	1	0	0	0	0	0	0	0	0	0	0	0	0	0	0	0	0	0	0	0	0	0	0	0	0	0	0	0	0	0	0	0	0	0	2	0	0	0	0	0	0	0	0	0	0	0	0
BHS	73	1	4	4	24	6	1	0	5	3	0	0	0	2	2	2	4	0	0	0	0	2	1	0	1	0	4	1	0	0	0	0	0	0	0	0	0	0	0	0	0	0	0	0	0	0	1	2	1	0	0	0	0	0	1	0	0	0	0	1	0	0	0	0	0	0	0	0	0	0	0	0	0
not found	73	1	0	0	1	0	5	0	3	1	2	0	0	1	9	0	1	0	0	1	3	5	3	4	4	11	5	0	0	0	0	0	0	0	0	0	0	0	0	0	0	0	0	0	0	0	0	0	0	2	0	3	3	0	1	1	0	0	1	1	1	0	0	0	0	0	0	0	0	0	0	0	0
PRY	71	0	0	7	3	0	1	1	2	0	3	2	3	1	3	2	2	1	0	2	4	2	0	3	2	6	5	2	0	0	0	0	0	0	0	0	0	0	0	2	0	0	0	0	0	0	0	0	0	1	2	0	3	0	0	0	1	0	0	2	1	2	0	0	0	0	0	0	0	0	0	0	0
BRB	65	4	2	3	3	3	0	0	1	0	2	0	0	4	1	3	0	1	0	1	0	3	1	2	1	2	6	1	0	0	0	0	0	0	0	0	0	0	0	0	0	0	0	0	0	0	0	8	0	0	3	0	0	1	0	0	0	1	0	2	6	0	0	0	0	0	0	0	0	0	0	0	0
RWA	63	1	3	1	0	1	0	1	6	0	1	1	3	4	1	3	0	0	4	1	6	0	2	1	3	3	6	0	0	0	0	0	0	0	0	0	0	0	0	0	0	0	0	0	0	0	0	0	0	3	1	0	2	0	0	0	0	0	0	1	2	2	0	0	0	0	0	0	0	0	0	0	0
CIV	61	1	3	1	1	2	2	3	2	1	1	2	1	0	3	1	7	2	1	3	2	4	0	3	8	1	1	0	0	0	0	0	0	0	0	0	0	0	1	0	1	0	0	0	0	0	0	0	0	0	0	0	0	0	0	1	0	0	0	0	0	2	0	0	0	0	0	0	0	0	0	0	0
CMR	61	2	0	1	1	0	4	2	2	4	5	2	1	0	1	1	1	0	1	1	2	1	2	1	1	3	2	1	0	0	0	0	0	0	0	0	0	0	0	0	0	0	0	0	0	0	1	1	2	1	1	2	0	0	0	0	2	0	1	0	0	8	0	0	0	0	0	0	0	0	0	0	0
TGO	58	3	0	0	2	0	1	1	0	1	2	0	0	0	1	1	0	0	1	1	0	35	0	0	0	0	2	0	0	0	0	0	0	0	0	0	0	0	0	0	0	0	0	0	0	0	0	0	2	2	0	0	1	1	0	0	0	0	0	0	0	1	0	0	0	0	0	0	0	0	0	0	0
GUY	57	0	2	9	2	1	0	2	2	0	0	4	0	6	1	1	1	0	0	0	0	1	2	0	0	0	5	4	0	0	0	0	0	0	0	0	0	0	0	0	0	0	0	0	0	0	0	3	2	0	0	4	2	0	0	0	1	0	0	1	1	0	0	0	0	0	0	0	0	0	0	0	0
SUR	57	1	3	0	1	1	1	0	5	8	4	4	0	1	1	2	6	1	0	0	2	0	6	0	1	0	3	1	0	0	0	0	0	0	0	0	0	0	0	0	0	0	0	0	0	0	0	0	0	0	1	0	2	0	0	0	1	0	1	0	0	0	0	0	0	0	0	0	0	0	0	0	0
SLE	54	1	1	2	1	0	1	3	1	3	3	3	0	1	4	2	0	0	1	8	0	1	0	4	0	2	0	1	0	0	0	0	0	0	0	0	0	0	0	0	0	0	0	0	0	0	0	1	0	0	0	2	2	1	0	1	1	0	3	0	0	0	0	0	0	0	0	0	0	0	0	0	0
SMR	53	1	16	7	0	0	2	0	0	1	0	0	1	4	4	4	0	1	0	0	0	1	1	0	4	0	3	0	0	0	0	0	0	0	0	0	0	0	0	0	0	0	0	0	0	0	0	1	0	0	0	0	0	0	0	0	0	0	0	0	1	1	0	0	0	0	0	0	0	0	0	0	0
GRD	52	1	1	0	3	2	3	0	0	0	1	2	2	0	2	2	0	0	0	0	0	1	0	1	0	3	5	8	0	0	0	0	0	0	0	0	0	0	0	0	0	0	0	0	0	0	0	1	0	0	0	3	0	0	3	2	1	3	1	0	1	0	0	0	0	0	0	0	0	0	0	0	0
BLZ	49	2	1	1	2	0	0	1	1	0	6	0	2	4	2	3	2	0	0	2	3	1	1	5	2	2	3	0	0	0	0	0	0	0	0	0	0	0	0	0	0	0	0	0	0	0	0	0	0	1	0	1	0	0	0	0	0	0	0	0	0	1	0	0	0	0	0	0	0	0	0	0	0
HKG	47	2	4	3	1	0	1	3	3	4	4	0	0	0	2	0	6	0	1	0	1	0	0	0	1	8	0	2	0	0	0	0	0	0	0	0	0	0	0	0	0	0	0	0	0	0	0	0	0	0	0	0	0	0	0	0	0	0	0	0	1	0	0	0	0	0	0	0	0	0	0	0	0
MLI	46	2	1	0	2	1	0	2	1	1	2	4	1	6	0	5	1	0	0	2	0	1	2	2	0	0	3	0	0	0	0	0	0	0	0	0	0	0	0	0	0	0	0	0	0	0	0	1	1	0	0	1	0	0	0	0	0	0	1	1	0	2	0	0	0	0	0	0	0	0	0	0	0
VUT	46	0	1	1	4	1	3	2	2	1	1	1	0	0	1	1	1	0	0	0	0	2	1	0	0	5	1	0	0	0	0	0	0	0	0	0	0	0	0	0	0	0	0	2	0	0	1	3	0	1	0	0	0	0	1	0	1	0	2	2	3	1	0	0	0	0	0	0	0	0	0	0	0
AGO	44	0	1	2	1	0	0	0	0	2	1	1	1	4	2	0	0	0	0	0	0	3	5	2	1	1	1	1	0	0	0	0	0	0	0	0	0	0	0	0	0	0	0	0	0	0	1	1	0	2	2	3	2	0	0	1	0	3	0	0	0	0	0	0	0	0	0	0	0	0	0	0	0
NIC	44	4	0	5	6	1	1	2	0	1	2	3	3	1	0	3	1	0	1	0	1	0	0	0	4	0	0	0	0	0	0	0	0	0	0	0	0	0	0	0	0	0	0	0	0	0	0	0	0	0	0	0	0	0	1	1	0	0	0	1	0	2	0	0	0	0	0	0	0	0	0	0	0
MRT	39	1	1	1	0	0	0	0	0	0	0	0	0	18	2	0	2	0	0	3	0	1	2	1	0	1	0	0	0	0	0	0	0	0	0	0	0	0	0	0	0	0	0	0	0	0	0	0	0	0	1	2	0	0	0	1	0	0	0	1	0	1	0	0	0	0	0	0	0	0	0	0	0
PRK	37	0	2	0	0	0	0	0	0	0	0	0	0	0	0	1	0	0	0	0	0	34	0	0	0	0	0	0	0	0	0	0	0	0	0	0	0	0	0	0	0	0	0	0	0	0	0	0	0	0	0	0	0	0	0	0	0	0	0	0	0	0	0	0	0	0	0	0	0	0	0	0	0
BFA	35	2	1	0	4	1	0	1	1	3	2	0	4	0	1	4	0	0	0	1	1	2	1	0	2	0	1	0	0	0	0	0	0	0	0	0	0	0	0	0	0	0	0	0	0	0	2	0	0	1	0	0	0	0	0	0	0	0	0	0	0	0	0	0	0	0	0	0	0	0	0	0	0
SSD	34	0	1	0	2	1	0	0	1	5	0	0	7	0	0	3	0	0	0	0	2	6	0	0	4	0	1	0	0	0	0	0	0	0	0	0	0	0	0	0	0	0	0	0	0	0	0	0	0	0	0	0	0	0	0	1	0	0	0	0	0	0	0	0	0	0	0	0	0	0	0	0	0
XKX	32	0	3	2	8	0	1	5	3	6	0	0	4	0	0	0	0	0	0	0	0	0	0	0	0	0	0	0	0	0	0	0	0	0	0	0	0	0	0	0	0	0	0	0	0	0	0	0	0	0	0	0	0	0	0	0	0	0	0	0	0	0	0	0	0	0	0	0	0	0	0	0	0
LCA	30	0	2	0	1	0	1	0	1	0	1	0	1	0	1	1	2	0	0	0	0	4	0	1	0	0	1	0	0	0	0	0	0	0	0	0	0	0	0	0	0	0	0	0	0	0	0	1	2	0	0	0	1	0	0	3	2	0	0	1	0	3	0	0	0	0	0	0	0	0	0	0	0
DJI	28	1	1	4	1	0	0	0	0	0	1	0	1	1	0	0	0	0	0	1	4	0	1	1	1	1	2	0	0	0	0	0	0	0	0	0	0	0	0	0	0	0	0	0	0	0	0	0	0	0	1	1	1	3	0	0	0	0	0	1	0	0	0	0	0	0	0	0	0	0	0	0	0
LBR	28	0	0	1	1	4	1	0	0	2	3	0	0	1	0	1	0	0	0	0	3	1	0	0	1	2	0	0	0	0	0	0	0	0	0	0	0	0	0	0	0	0	0	0	0	0	0	0	1	0	1	1	0	1	0	1	0	0	1	0	0	1	0	0	0	0	0	0	0	0	0	0	0
HTI	26	1	1	2	0	0	1	1	1	2	0	1	0	1	0	1	3	0	0	1	0	0	0	1	2	2	1	0	0	0	0	0	0	0	0	0	0	0	0	0	0	0	0	0	0	0	0	0	0	0	0	0	1	0	0	0	0	0	0	0	0	3	0	0	0	0	0	0	0	0	0	0	0
LSO	25	0	0	0	4	0	0	2	1	0	0	0	0	3	1	0	0	1	0	1	1	0	1	3	2	2	0	0	0	0	0	0	0	0	0	0	0	0	0	0	0	0	0	0	0	0	0	0	0	0	0	0	0	2	1	0	0	0	0	0	0	0	0	0	0	0	0	0	0	0	0	0	0
COG	24	0	1	0	0	0	0	1	1	2	0	2	0	1	0	0	0	1	0	0	0	0	0	0	1	0	0	0	0	0	0	0	0	0	0	0	0	0	0	0	0	0	0	0	0	0	0	0	0	3	1	3	1	0	0	2	0	1	1	2	0	0	0	0	0	0	0	0	0	0	0	0	0
SWZ	24	0	1	1	9	1	0	2	0	0	0	1	1	0	0	1	0	0	1	0	0	1	0	0	0	0	1	0	0	0	0	0	0	0	0	0	0	0	0	0	0	0	0	0	0	0	0	0	0	1	2	0	0	0	0	0	0	0	0	0	1	0	0	0	0	0	0	0	0	0	0	0	0
BDI	23	1	0	0	0	0	0	1	1	1	11	1	2	1	1	0	0	0	0	0	0	0	0	0	1	0	0	0	0	0	0	0	0	0	0	0	0	0	1	0	0	0	0	0	0	0	0	1	0	0	0	0	0	0	0	0	0	0	0	0	0	0	0	0	0	0	0	0	0	0	0	0	0
BEN	23	1	0	0	0	0	0	1	1	2	1	1	4	0	0	1	1	0	1	1	0	0	1	2	0	0	2	0	0	0	0	0	0	0	0	0	0	0	0	0	0	0	0	0	0	1	0	0	0	0	0	0	1	0	0	0	0	0	0	0	0	1	0	0	0	0	0	0	0	0	0	0	0
CPV	20	1	0	0	0	0	0	2	1	1	0	0	1	0	0	1	0	0	0	0	0	1	2	2	0	1	1	0	0	0	0	0	0	0	0	0	0	0	0	0	0	0	0	0	0	0	0	0	0	2	2	1	1	0	0	0	0	0	0	0	0	0	0	0	0	0	0	0	0	0	0	0	0
TON	19	0	0	0	0	0	1	2	2	0	2	1	2	1	0	1	0	0	0	0	2	1	0	2	0	0	0	0	0	0	0	0	0	0	0	0	0	0	0	0	0	0	0	0	0	0	0	0	1	0	0	1	0	0	0	0	0	0	0	0	0	0	0	0	0	0	0	0	0	0	0	0	0
GMB	18	1	1	0	0	1	1	1	2	0	0	0	1	1	0	1	0	1	0	0	0	1	2	1	0	0	1	1	0	0	0	0	0	0	0	0	0	0	0	0	0	0	0	0	0	0	0	0	0	0	0	0	1	0	0	0	0	0	0	0	0	0	0	0	0	0	0	0	0	0	0	0	0
GNB	17	1	0	0	0	0	0	0	3	1	1	1	4	0	2	0	0	0	0	0	0	1	0	1	0	0	0	0	0	0	0	0	0	0	0	0	0	0	0	0	0	0	0	1	0	0	0	0	0	0	0	0	0	0	0	0	0	0	0	0	1	0	0	0	0	0	0	0	0	0	0	0	0
GAB	16	0	2	0	0	0	1	1	1	0	0	0	0	1	0	0	0	0	0	0	1	1	0	0	2	1	0	0	0	0	0	0	0	0	0	0	0	0	0	0	0	0	0	0	0	0	0	0	1	0	0	1	1	0	0	0	0	0	0	1	0	1	0	0	0	0	0	0	0	0	0	0	0
NER	16	0	0	0	1	1	0	2	0	1	0	0	0	0	0	0	0	0	1	1	0	3	0	1	0	0	0	3	0	0	0	0	0	0	0	0	0	0	0	0	0	0	0	0	0	0	0	0	0	0	0	0	0	1	0	1	0	0	0	0	0	0	0	0	0	0	0	0	0	0	0	0	0
TCD	16	0	0	0	0	0	0	1	1	0	0	2	0	0	0	4	0	0	1	1	0	0	0	0	0	0	0	1	0	0	0	0	0	0	0	0	0	0	0	0	0	0	0	0	0	0	0	0	0	0	2	0	0	1	0	0	1	0	0	0	1	0	0	0	0	0	0	0	0	0	0	0	0
GIN	15	0	0	0	0	0	0	0	0	0	0	0	0	0	2	0	1	0	0	1	0	4	2	2	0	1	0	0	0	0	0	0	0	0	0	0	0	0	0	0	1	0	0	0	0	0	0	0	0	0	0	0	0	0	0	0	0	0	0	0	0	1	0	0	0	0	0	0	0	0	0	0	0
VCT	15	0	0	2	1	0	0	0	0	0	0	0	0	3	0	3	0	0	0	0	0	0	0	0	1	0	3	0	0	0	0	0	0	0	0	0	0	0	0	0	0	0	0	0	0	0	0	2	0	0	0	0	0	0	0	0	0	0	0	0	0	0	0	0	0	0	0	0	0	0	0	0	0
WSM	12	0	0	0	0	1	1	1	0	1	0	0	0	0	1	1	0	1	0	0	0	4	0	0	0	0	1	0	0	0	0	0	0	0	0	0	0	0	0	0	0	0	0	0	0	0	0	0	0	0	0	0	0	0	0	0	0	0	0	0	0	0	0	0	0	0	0	0	0	0	0	0	0
KIR	8	1	0	0	0	0	1	1	0	0	0	0	0	0	0	0	2	0	0	0	0	2	1	0	0	0	0	0	0	0	0	0	0	0	0	0	0	0	0	0	0	0	0	0	0	0	0	0	0	0	0	0	0	0	0	0	0	0	0	0	0	0	0	0	0	0	0	0	0	0	0	0	0
MHL	8	0	1	0	0	1	0	0	1	0	0	1	0	0	1	0	0	0	1	0	0	0	0	0	0	0	0	0	0	0	0	0	0	0	0	0	0	0	0	0	0	0	0	0	0	0	0	0	0	1	0	0	1	0	0	0	0	0	0	0	0	0	0	0	0	0	0	0	0	0	0	0	0
TUV	8	0	0	0	2	0	3	1	0	0	1	0	0	0	0	0	0	0	0	0	0	1	0	0	0	0	0	0	0	0	0	0	0	0	0	0	0	0	0	0	0	0	0	0	0	0	0	0	0	0	0	0	0	0	0	0	0	0	0	0	0	0	0	0	0	0	0	0	0	0	0	0	0
FSM	7	0	1	0	0	0	0	0	0	0	1	0	1	0	0	0	0	0	0	0	0	1	0	0	1	0	0	0	0	0	0	0	0	0	0	0	0	0	0	0	1	0	0	0	0	0	0	0	0	0	0	0	0	0	0	0	0	0	0	0	1	0	0	0	0	0	0	0	0	0	0	0	0
SLB	6	0	0	0	0	0	0	0	0	0	0	0	0	0	0	1	0	0	1	0	0	3	0	0	0	0	0	0	0	0	0	0	0	0	0	0	0	0	0	0	0	0	0	0	0	0	0	0	0	0	0	0	0	0	0	1	0	0	0	0	0	0	0	0	0	0	0	0	0	0	0	0	0
PLW	5	0	0	0	0	0	0	0	5	0	0	0	0	0	0	0	0	0	0	0	0	0	0	0	0	0	0	0	0	0	0	0	0	0	0	0	0	0	0	0	0	0	0	0	0	0	0	0	0	0	0	0	0	0	0	0	0	0	0	0	0	0	0	0	0	0	0	0	0	0	0	0	0
GNQ	3	0	0	0	0	0	0	0	0	0	0	0	0	0	0	0	0	0	0	0	0	0	0	0	0	0	0	0	0	0	0	0	0	0	0	0	0	0	0	0	0	0	0	0	0	0	0	0	0	0	0	0	0	2	1	0	0	0	0	0	0	0	0	0	0	0	0	0	0	0	0	0	0
CAF	2	0	0	0	0	0	0	1	0	0	0	0	0	0	0	0	0	0	0	0	0	0	0	0	0	0	0	0	0	0	0	0	0	0	0	0	0	0	0	0	0	0	1	0	0	0	0	0	0	0	0	0	0	0	0	0	0	0	0	0	0	0	0	0	0	0	0	0	0	0	0	0	0
GUM	2	0	0	0	0	0	0	0	0	0	0	0	0	0	0	0	0	0	0	0	0	0	0	0	0	0	0	0	0	0	0	0	0	0	0	0	0	0	0	0	0	0	0	0	0	0	0	0	0	0	2	0	0	0	0	0	0	0	0	0	0	0	0	0	0	0	0	0	0	0	0	0	0
NRU	2	0	1	0	0	0	0	0	0	0	0	0	0	0	0	1	0	0	0	0	0	0	0	0	0	0	0	0	0	0	0	0	0	0	0	0	0	0	0	0	0	0	0	0	0	0	0	0	0	0	0	0	0	0	0	0	0	0	0	0	0	0	0	0	0	0	0	0	0	0	0	0	0
ATA	1	0	0	0	0	0	0	0	0	0	0	0	0	0	0	0	0	0	0	0	0	0	0	0	0	0	0	0	0	0	0	0	0	0	0	0	0	0	0	0	0	0	0	0	0	0	0	0	0	0	0	0	0	0	0	0	0	0	0	0	1	0	0	0	0	0	0	0	0	0	0	0	0
IMN	1	0	0	0	0	0	0	0	0	0	0	0	0	0	0	0	0	0	0	0	0	0	0	0	0	0	0	0	0	0	0	0	0	0	0	0	0	0	0	0	0	0	0	0	0	0	0	0	1	0	0	0	0	0	0	0	0	0	0	0	0	0	0	0	0	0	0	0	0	0	0	0	0
STP	1	0	0	0	0	0	1	0	0	0	0	0	0	0	0	0	0	0	0	0	0	0	0	0	0	0	0	0	0	0	0	0	0	0	0	0	0	0	0	0	0	0	0	0	0	0	0	0	0	0	0	0	0	0	0	0	0	0	0	0	0	0	0	0	0	0	0	0	0	0	0	0	0
VAT	0	0	0	0	0	0	0	0	0	0	0	0	0	0	0	0	0	0	0	0	0	0	0	0	0	0	0	0	0	0	0	0	0	0	0	0	0	0	0	0	0	0	0	0	0	0	0	0	0	0	0	0	0	0	0	0	0	0	0	0	0	0	0	0	0	0	0	0	0	0	0	0	0
